Prenom,Nom,Email,Societe,Adresse,Ville,Telephone,Commentaire
 
Contact,BROWNING,,BROWNING,,,04 77 47 62 00,08 00 90 90 35
Contact,HUMBERT CTTS,,HUMBERT CTTS,,,04 77 52 77 52,
Contact,RIVOLIER SA,,RIVOLIER SA,,,04 77 36 03 40,04 77 36 03 40
Contact,SIMAC,,SIMAC,,,05 49 85 59 75,05 49 85 59 75
Contact,SIDAM,,SIDAM,,,04 66 88 29 06,04 66 88 29 06
Contact,TUNET NOBEL SPORT,,TUNET NOBEL SPORT,,,05 61 37 63 80,05 61 37 63 80
Contact,ARMURERIE DE LA BOURSE,,ARMURERIE DE LA BOURSE,,,01 43 36 79 83,01 43 36 79 83
Contact,NEMROD FRANKONIA SA,,NEMROD FRANKONIA SA,,,03 89 83 25 50,03 89 83 25 50
Contact,BANC D'EPREUVES OFFICIEL,,BANC D'EPREUVES OFFICIEL,,,04 77 25 12 06,04 77 25 12 06
Contact,ELIOSPORTS,,ELIOSPORTS,,,05 34 66 35 20,05 34 66 35 20
Contact,AGORA-TEC SARL,,AGORA-TEC SARL,,,04 77 63 73 05,04 77 63 73 05
Contact,BGM,,BGM,,,01 60 26 13 07,01 60 26 13 07
Contact,JIGA DIFFUSION,,JIGA DIFFUSION,,,05 58 91 30 84,05 58 91 30 84
Contact,PRO SERVICE,,PRO SERVICE,,,03 89 20 98 90,03 89 20 98 90
Contact,SA UNIFRANCE,,SA UNIFRANCE,,,05 45 69 09 09,05 45 69 09 09
Contact,VPE IMPORTS VISIONS PASSIONS,,VPE IMPORTS VISIONS PASSIONS,,,03 20 68 57 16,03 20 68 57 16
Contact,MARY ARM,,MARY ARM,,,05 53 57 96 66,05 53 57 96 66
Contact,NOBEL SPORT,,NOBEL SPORT,,,02 98 86 42 42,02 98 86 42 42
Contact,EDITIONS LARIVIERE,,EDITIONS LARIVIERE,,,01 41 40 32 32,01 41 40 32 32
Contact,COLOMBI SPORTS,,COLOMBI SPORTS,,,04 66 81 00 18,04 66 81 00 18
Contact,CHAPUIS ARMES,,CHAPUIS ARMES,,,04 77 50 06 96,04 77 50 06 96
Contact,MAXAM OUTDOORS S.A,,MAXAM OUTDOORS S.A,,,06 73 48 57 13,06 73 48 57 13
Contact,RUAG AMMOTEC FRANCE,,RUAG AMMOTEC FRANCE,,,01 34 35 15 98,01 34 35 15 90
Contact,VERNEY-CARRON,,VERNEY-CARRON,,,04 77 79 15 00,04 77 79 15 00
Contact,COR CAROLI,,COR CAROLI,,,04 77 63 67 95,04 77 63 67 95
Contact,SACAR,,SACAR,,,04 77 53 25 27,04 77 53 25 27
Contact,WALDMANN,,WALDMANN,,,01 48 78 23 14,01 48 78 23 14
Contact,FRANCE MUNITIONS,,FRANCE MUNITIONS,,,02 54 39 30 46,02 54 39 30 46
Contact,GMA SPORT DISTRIBUTION,,GMA SPORT DISTRIBUTION,,,06 75 67 00 91,06 21 39 18 73
Contact,ROC IMPORT,,ROC IMPORT,,,+377-97-97-31-77,+377-97-97-31-77
Contact,GPA,,GPA,,,02 54 83 06 15,02 54 83 06 15
Contact,EUROP-ARM,,EUROP-ARM,,,02 43 48 50 10,02 43 48 50 10
Contact,NUM'AXES,,NUM'AXES,,,02 38 63 36 56,02 38 63 36 56
Contact,JANUEL,,JANUEL,,,04 77 74 23 33,04 77 74 23 33
Contact,SWAROVSKI,,SWAROVSKI,,,01 48 01 92 80,01 48 01 92 80
Contact,CLEE,,CLEE,,,05 57 89 13 13,05 57 89 13 13
Contact,AKAH,,AKAH,,,0049-02261-705-0,0049-02261-705-0
Contact,CRISPI,,CRISPI,,,04 73 64 46 30,04 73 64 46 30
Contact,LE CHAMEAU,,LE CHAMEAU,,,02 48 66 69 69,02 48 66 69 69
Contact,B.C.F DIFFUSION,,B.C.F DIFFUSION,,,04 42 03 70 00,04 42 03 70 00
Contact,CRISPI,,CRISPI,,,04 73 64 46 30,04 73 64 46 30
Contact,DEERHUNTER,,DEERHUNTER,,,02 47 34 88 31,02 47 34 88 31
Contact,LOISIR ALP MEINDL,,LOISIR ALP MEINDL,,,04 50 71 71 38,04 50 71 71 38
Contact,CISAS,,CISAS,,,02 48 27 27 87,02 48 27 27 87
Contact,STETSON  (FWS),,STETSON  (FWS),,,0221-962558-13,0221-962558-13
Contact,LOVERGREEN,,LOVERGREEN,,,02 38 75 10 98,02 38 75 10 98
Contact,NORKA DISTRIBUTION,,NORKA DISTRIBUTION,,,01 69 23 10 04,01 69 23 10 04
Contact,JEAN LUC SCAGLIA,,JEAN LUC SCAGLIA,,,04 78 27 84 33,04 78 27 84 33
Contact,SEPTEMBER,,SEPTEMBER,,,04 72 40 07 98,04 72 40 07 98
Contact,SOTEXTRA S.A.S,,SOTEXTRA S.A.S,,,05 57 46 39 41,05 57 46 39 41
Contact,TATRE PHILIPPE (AQUARELLE),,TATRE PHILIPPE (AQUARELLE),,,03 84 48 65 23,03 84 48 65 23
Contact,LE COUTEAU DE LAGUIOLE,,LE COUTEAU DE LAGUIOLE,,,05 65 44 39 49,05 65 44 39 49
Contact,AUTAIN PECHE,,AUTAIN PECHE,,,05 49 55 55 86,
Contact,SENSAS,,SENSAS,,,02 37 33 44 55,
Contact,SOMLYS,,SOMLYS,,,04 32 76 34 16,04 32 76 34 16
Contact,CHIRUCA  CALZADOS,,CHIRUCA  CALZADOS,,,+34941380800,+34941380800
Contact,DE CHARETTE,,DE CHARETTE,,,04 74 24 22 73,
Contact,DAIWA FRANCE CORMO,,DAIWA FRANCE CORMO,,,02 32 91 96 50,
Contact,AIN ENERGIE AUTONOME,,AIN ENERGIE AUTONOME,,,04 74 37 72 79,04 74 37 72 79
Contact,GARBOLINO,,GARBOLINO,,,02 47 65 16 81,02 47 65 16 81
Contact,LUCKY CRAFT,,LUCKY CRAFT,,,01 48 85 10 00,
Contact,SERT,,SERT,,,05 56 57 10 10,
Contact,RAPALA FRANCE S.A.S,,RAPALA FRANCE S.A.S,,,03 84 57 35 00,03 84 57 35 00
Contact,FOX,,FOX,,,036602980,
Contact,PRO SERVICE,,PRO SERVICE,,,03 89 20 82 00,03 89 20 82 00
Contact,BEDEC,,BEDEC,,,03 44 91 00 11,03 44 91 00 11
Contact,ASTUCIT,,ASTUCIT,,,05 57 56 03 40,
Contact,FLASHMER,,FLASHMER,,,02 33 50 27 92,02 33 50 27 92
Contact,AMIAUD,,AMIAUD,,,02 51 07 82 67,02 51 07 82 67
Contact,DES MURS,,DES MURS,,,03 85 33 22 89,03 85 33 22 89
Contact,PLASTILYS,,PLASTILYS,,,03 80 37 32 37,03 80 37 32 37
Contact,PUR FISHING,,PUR FISHING,,,04 50 96 77 00,04 50 96 77 00
Contact,LEICA   LOIC ROBERT,,LEICA   LOIC ROBERT,,,04 50 10 38 41,04 50 10 38 41
Contact,AU SABOT,,AU SABOT,,,04 73 51 48 28,04 73 51 48 28
Contact,BONNAND PLASTI-SONE,,BONNAND PLASTI-SONE,,,04 76 64 42 93,04 76 64 42 93
Contact,SAS CHATARD,,SAS CHATARD,,,04 77 69 02 09,04 77 69 02 09
Contact,LES LAINES DU FOREZ,,LES LAINES DU FOREZ,,,04 77 28 91 09,
Contact,VITEX,,VITEX,,,02 38 98 73 23,02 38 98 73 23
Contact,TROPHE DES VAINQUEURS,,TROPHE DES VAINQUEURS,,,03 20 36 98 98,03 20 36 98 98
Contact,BSPLANET,,BSPLANET,,,0534-37428,0534-37428
Contact,FUN FISHING,,FUN FISHING,,,02 99 47 86 28,02 99 47 86 28
Contact,TREESCO PERCUTION,,TREESCO PERCUTION,,,02 38 43 00 47,02 38 43 00 47
Contact,ULTIMATE FISHING,,ULTIMATE FISHING,,,02 97 31 27 89,02 97 31 27 89
Contact,M C L,,M C L,,,03 20 58 28 13,03 20 58 28 13
Contact,RISERVA    REPRES LELIEVRE,,RISERVA    REPRES LELIEVRE,,,39 042355352,39 042355352
Contact,GMT LA SELECTION POUR LA PASSI,,GMT LA SELECTION POUR LA PASSI,,,03 20 68 57 00,03 20 68 57 00
Contact,AFET,,AFET,,,03 80 65 17 24,03 80 65 17 24
Contact,COILLARD SARL,,COILLARD SARL,,,04 74 64 81 56,04 74 64 81 56
Contact,SARL ARMURERIE SALCET MULTIPRO,,SARL ARMURERIE SALCET MULTIPRO,,,05 65 30 62 63,05 65 30 62 63
Contact,CANO CONCEPT,,CANO CONCEPT,,,04 75 27 33 89,04 75 27 33 89
Contact,AUTERIE DEVAUD SAS,,AUTERIE DEVAUD SAS,,,05 53 62 05 39,05 53 62 05 39
Contact,SPORFABRIC,,SPORFABRIC,,,02 51 93 21 24,02 51 93 21 24
Contact,SAGA NUTRITION,,SAGA NUTRITION,,,04 73 53 25 00,04 73 53 25 00
Contact,BRETTON GAUCHER,,BRETTON GAUCHER,,,04 77 33 38 92,
Contact,TROMPES MILLIENS,,TROMPES MILLIENS,,,02 54 42 24 12,02 54 42 24 12
Contact,PECHE AVENTURE  NYMPH CONCEPT,,PECHE AVENTURE  NYMPH CONCEPT,,,04 95 31 03 59,04 95 31 03 59
Contact,GATULOT,,GATULOT,,,+39(0341)285812,+39(0341)285812
Contact,APATIMA,,APATIMA,,,04 70 45 87 62,04 70 45 87 62
Contact,FABARM FRANCE,,FABARM FRANCE,,,02 43 48 50 11,02 43 48 50 11
Contact,SANELLI,,SANELLI,,,390341361368361353,390341361368361353
Contact,OD DISTRIBUTION,,OD DISTRIBUTION,,,04 76 64 04 67,04 76 64 04 67
Contact,VESUNA,,VESUNA,,,05 53 09 05 40,05 53 09 05 40
Contact,NKM,,NKM,,,01 69 46 23 00,01 69 46 23 00
Contact,LES SEMAILLES,,LES SEMAILLES,,,04 75 55 10 03,04 75 55 10 03
Contact,AD DISTRIBUTION,,AD DISTRIBUTION,,,06 73 19 16 27,06 73 19 16 27
Contact,ADSEA NIEVRE,,ADSEA NIEVRE,,,03 86 71 92 70,03 86 71 92 70
Contact,SVENDSEN SPORT FRANCE,,SVENDSEN SPORT FRANCE,,,02 47 80 38 20,02 47 80 38 20
Contact,FRANKONIA,,FRANKONIA,,,03 89 83 45 17,03 89 83 45 17
Contact,FRENCH TOUCH FISHING SAS,,FRENCH TOUCH FISHING SAS,,,09 54 58 94 09,09 54 58 94 09
Contact,ESP,,ESP,,,04 74 57 99 66,04 74 57 99 66
Contact,ESISTOIRE,,ESISTOIRE,,,03 67 07 32 88,03 67 07 32 88
Contact,STE,,STE,,,04 90 42 36 43,04 90 42 36 43
Contact,MAGEX,,MAGEX,,,04 68 72 71 70,04 68 72 71 70
Contact,SAPL,,SAPL,,,03 33 84 12 55,03 33 84 12 55
Contact,SIAM,,SIAM,,,06 07 17 62 03,
Contact,BALLEUROPE,,BALLEUROPE,,,04 78 45 77 73,04 78 45 77 73
Contact,AZUR ARMES,,AZUR ARMES,,,04 93 20 05 75,04 93 20 05 75
Contact,A.D.S COMPETITION,,A.D.S COMPETITION,,,03 88 76 17 17,
Contact,SOLIGNAC S.A.S,,SOLIGNAC S.A.S,,,05 61 84 55 38,05 61 84 55 38
Contact,SHOOT HUNTING OUTDOOR,,SHOOT HUNTING OUTDOOR,,,09 66 91 52 81,09 66 91 52 81
Contact,HERMES I DISTRIBUTION,,HERMES I DISTRIBUTION,,,06 67 71 76 32,06 67 71 76 32
Contact,BAUMEL,,BAUMEL,,,04 66 37 25 52,04 66 37 25 52
Contact,AIGLE,,AIGLE,,,05 49 02 38 00,05 49 02 38 00
Contact,L ARMURIER SAINT ETIENNE,,L ARMURIER SAINT ETIENNE,,,04 77 57 37 82,04 77 57 37 82
Contact,DE BRUYN,,DE BRUYN,,,05 55 65 50 35,05 55 65 50 35
Contact,S.A. MICHEL FONTAINE,,S.A. MICHEL FONTAINE,,,03 24 27 24 83,03 24 27 24 83
Contact,S.A.R.L  GLU DE PROVENCE,,S.A.R.L  GLU DE PROVENCE,,,06 87 55 23 39,06 87 55 23 39
Contact,"SARL 59 ENERGY ""BATTERY STOCK""",,"SARL 59 ENERGY ""BATTERY STOCK""",,,03 28 66 19 86,03 28 66 19 86
Contact,WILDNESS,,WILDNESS,,,06 07 41 56 46,06 07 41 56 46
Contact,LA MAISON DU CHASSEUR,,LA MAISON DU CHASSEUR,,,04 76 35 26 73,04 76 35 26 73
Contact,SAV GARMIN FRANCE REVENDEUR,,SAV GARMIN FRANCE REVENDEUR,,,01 55 17 81 83,01 55 17 81 83
Contact,GRAVOLUX EDITION,,GRAVOLUX EDITION,,,04 68 40 38 61,04 68 40 38 61
Contact,PARTHENOENS ALAIN,,PARTHOENS ALAIN,,,003242632826,003242632826
Contact,PARABELLUM,,PARABELLUM,,,+967606699,+967606699
Contact,RESISTANCE SERVICE,,RESISTANCE SERVICE,,,04 91 61 12 27,04 91 61 12 27
Contact,BROWNING FRANCE,,BROWNING FRANCE,,,04 77 47 62 05,04 77 47 62 05
Contact,DROMECHASSETIR,,DROMECHASSETIR,,,06 65 28 96 99,06 65 28 96 99
Contact,CASSETTO BRUNO,,CASSETTO BRUNO,,,04 77 94 85 73,04 77 94 85 73
Contact,SDS MILITARY,,SDS MILITARY,,,05 62 14 45 09,
Contact,COLOMBANI,,COLOMBANI,,,06 70 25 41 00,06 70 25 41 00
Contact,EURL M.S,,EURL M.S,,,06 07 75 78 16,06 07 75 78 16
Contact,RDS INDUSTRIES,,RDS INDUSTRIES,,,02 41 26 78 19,
Contact,LARCHER CHRISTIAN,,LARCHER CHRISTIAN,,,06 03 62 01 47,06 03 62 01 47
Contact,PERCIVAL LUCAS,,PERCIVAL LUCAS,,,06 79 33 04 32,06 79 33 04 32
Contact,PASSION ARME,,PASSION ARME,,,06 69 47 33 41,06 69 47 33 41
Contact,H&C,,H&C,,,09 71 31 05 35,09 71 31 05 35
Contact,JJB COLLECTION,,JJB COLLECTION,,,06 09 80 64 03,06 09 80 64 03
Contact,STIL CRIN,,STIL CRIN,,,+39 030 959496,+39 030 959496
Contact,GK PRO,,GK PRO,,,01 41 63 14 79,
Contact,REGI ARM,,REGI ARM,,,01 45 32 60 27,01 45 32 60 27
Contact,KRUGER,,KRUGER,,,6831975118,6831975118
Contact,ADS,,ADS,,,03 88 76 17 17,03 88 76 17 17
Contact,HUNT TECH,,HUNT TECH,,,06 78 07 52 57,06 78 07 52 57
Contact,STEPLAND,,STEPLAND,,,935740740,935740740
Contact,JEAN OBERTINO ET FILS,,JEAN OBERTINO ET FILS,,,03 81 67 04 08,03 81 67 04 08
Contact,ALEXANDRE MAREUIL,,ALEXANDRE MAREUIL,,,05 56 06 00 21,05 56 06 00 21
Contact,SERVIMPEX,,SERVIMPEX,,,06 60 38 30 33,06 60 38 30 33
Contact,STOPSON,,STOPSON,,,01 30 54 42 02,
Contact,SARL FRANCK ALLANT,,SARL FRANCK ALLANT,,,04 90 33 02 65,04 90 33 02 65
Contact,ARMURERIE CAUCHOISE,,ARMURERIE CAUCHOISE,,,02 35 95 43 30,02 35 95 43 30
Contact,SOFRAMA,,SOFRAMA,,,01 34 47 72 00,01 34 47 72 00
Contact,GUILLERMOND LAURENT,,GUILLERMOND LAURENT,,,06 74 60 60 48,06 74 60 60 48
Contact,GUILLERMOND LAURENT,,GUILLERMOND LAURENT,,,06 74 60 60 48,06 74 60 60 48
Contact,ATELIER MECANIQUE DE PRECISION,,ATELIER MECANIQUE DE PRECISION,,,04 42 20 60 63,
Contact,SMART KEM,,SMART KEM,,,05 63 27 27 10,05 63 27 27 10
Contact,DEEJO,,DEEJO,,,01 43 60 66 65,01 43 60 66 65
Contact,SUNROCK,,SUNROCK,,,01 83 62 12 46,01 83 62 12 46
Contact,MP SEC,,MP SEC,,,05 61 50 09 04,05 61 50 09 04
Contact,STOPSON,,STOPSON,,,01 30 54 42 02,01 30 54 42 02
Contact,DOGTRA,,DOGTRA,,,01 30 62 65 65,01 30 62 65 65
Contact,MAITRE VERONIQUE INGELS,,MAITRE VERONIQUE INGELS,,,04 77 72 52 22,04 77 72 52 22
Contact,OREE DU BOIS,,OREE DU BOIS,,,04 95 20 46 69,04 95 20 46 69
Contact,ARMURERIE PEYRON,,ARMURERIE PEYRON,,,04 76 65 53 53,04 76 65 53 53
Contact,NOLASCO,,NOLASCO,,,03 21 75 30 88,03 21 75 30 88
Contact,LALOUBERE ETS ARMURIERS,,LALOUBERE ETS ARMURIERS,,,05 58 79 32 18,05 58 79 32 18
Contact,CARTRY SARL,,CARTRY SARL,,,02 31 91 42 63,02 31 91 42 63
Contact,SARL SVV BREMENS BELLEVILLE,,SARL SVV BREMENS BELLEVILLE,,,04 72 40 90 00,04 72 40 90 00
Contact,MEYSON ARM,,MEYSON ARM,,,04 90 36 54 39,04 90 36 54 39
Contact,UMAREX FRANCE,,UMAREX FRANCE,,,04 11 85 00 20,04 11 85 00 20
Contact,ATELIER DE LA VILLENEUVE,,ATELIER DE LA VILLENEUVE,,,03 44 53 52 96,
Contact,BLASER FRANCE,,BLASER FRANCE,,,09 75 89 68 03,09 75 89 68 03
Contact,GRAVEUR TURATO LAURENT,,GRAVEUR TURATO LAURENT,,,04 92 83 65 25,04 92 83 65 25
Contact,PLANET  SHOPPING B2B,,PLANET  SHOPPING B2B,,,09 51 69 01 53,
Contact,ARM TIR LOISIR,,ARM TIR LOISIR,,,03 86 18 06 93,03 86 18 06 93
Contact,COUTEAU TREFLE,,COUTEAU TREFLE,,,07 63 08 70 07,07 63 08 70 07
Contact,BLASER GROUP,,BLASER GROUP,,,03 88 08 68 03,03 88 08 68 03
Contact,MAITRISE CREATION BOIS,,MAITRISE CREATION BOIS,,,04 77 26 41 57,04 77 26 41 57
Contact,CUIR - FOURNEYRON,,CUIR - FOURNEYRON,,,06 38 58 01 08,06 38 58 01 08
Contact,MALOMA NATURA,,MALOMA NATURA,,,06 11 34 58 14,06 11 34 58 14
Contact,ORSU ARMA,,ORSU ARMA,,,04 95 27 06 76,
Contact,MOUSSY LAURENT,,MOUSSY LAURENT,,,01 39 13 80 08,01 39 13 80 08
Contact,CERAKOTE FRANCE,,CERAKOTE FRANCE,,,06 20 56 54 54,06 20 56 54 54
Contact,LUNETTE REPARATIONS APX,,LUNETTE REPARATIONS APX,,,06 02 27 25 05,06 02 27 25 05
Contact,MOTORSPORT,,MOTORSPORT,,,04 42 50 60 36,04 42 50 60 36
Contact,GALERIE DE MARS,,GALERIE DE MARS,,,06 25 32 77 69,06 25 32 77 69
Contact,BERNARD OPTIC FRANCE,,BERNARD OPTIC FRANCE,,,06 22 92 13 07,06 22 92 13 07
Contact,WURTH,,WURTH,,,04 90 42 34 20,04 90 42 34 20
Contact,COMMANDERIE DE NAVARRE,,COMMANDERIE DE NAVARRE,,,05 35 53 96 00,05 35 53 96 00
